type;mapping;subject_id;subject_label;predicate_id;predicate_modifier;object_id;object_label;replaces;aligns;implements
standard;hrim:DEA9D700;care-sm:Sex;"""Biological sex""@en";hriv:hasExactMeaning;;hrio:Sex;"""Sex""@en";;;
standard;hrim:6F4CB9BC;fhir:StructureDefinition/individual-pronouns;"""Individual pronouns""@en";hriv:hasExactMeaning;Not;hrio:PreferredPronoun;"""Preferred Pronoun""@en";;;
standard;hrim:0F0D51B3;hl7:gender-identity;"""Gender Identity (value domain)""@en";hriv:hasExactMeaning;Not;hrio:SelfIdentifiedGender;"""Self-identified Gender""@en";;;
standard;hrim:CBA8E845;hl7:pronouns;"""Personal Pronouns (value domain)""@en";hriv:hasExactMeaning;Not;hrio:PreferredPronoun;"""Preferred Pronoun""@en";;;
standard;hrim:52BBB31A;hri-cdash:variation-in-physical-sex-characteristics;"""Variation in physical sex characteristics""@en";hriv:hasExactMeaning;Not;hrio:IndeterminateVisualSexCharacteristic;"""Indeterminate Visual Sex Characteristic""@en";;;
standard;hrim:77D461F5;hri-cdash:variation-in-physical-sex-characteristics;"""Variation in physical sex characteristics""@en";hriv:hasExactMeaning;Not;hrio:IndeterminateSex;"""Indeterminate Sex""@en";;;
standard;hrim:B1A2A428;hri-cdash:variation-in-physical-sex-characteristics;"""Variation in physical sex characteristics""@en";hriv:hasExactMeaning;Not;hrio:PhenotypicAmbiguousSex;"""Phenotypic Ambiguous Sex""@en";;;
standard;hrim:E3412216;hri-cdash:variation-in-physical-sex-characteristics;"""Variation in physical sex characteristics""@en";hriv:hasExactMeaning;Not;hrio:IndeterminateDimorphicCharacteristic;"""Indeterminate Dimorphic Characteristic""@en";;;
standard;hrim:1CB686C4;hri-fhir-r5:administrative-gender/male;"""male (AdministrativeGender)""@en";hriv:hasExactMeaning;;hrio:AdministrativeMaleGender;"""Administrative Male Gender""@en";;;
standard;hrim:51F797D1;hri-fhir-r5:administrative-gender/unknown;"""unknown (AdministrativeGender)""@en";hriv:hasExactMeaning;Not;hrio:AdministrativeMaleGender;"""Administrative Male Gender""@en";;;
standard;hrim:7FAEFB6A;hri-fhir-r5:administrative-gender/unknown;"""unknown (AdministrativeGender)""@en";hriv:hasExactMeaning;Not;hrio:AdministrativeGender;"""Administrative Gender""@en";;;
standard;hrim:8E5D0090;hri-fhir-r5:administrative-gender/unknown;"""unknown (AdministrativeGender)""@en";hriv:hasExactMeaning;Not;hrio:AdministrativeNonBinaryGender;"""Administrative Non-binary Gender""@en";;;
standard;hrim:EE932C9C;hri-fhir-r5:administrative-gender/unknown;"""unknown (AdministrativeGender)""@en";hriv:hasExactMeaning;Not;hrio:AdministrativeFemaleGender;"""Administrative Female Gender""@en";;;
standard;hrim:2BE841AE;hri-fhir-r5:individual-gender-identity/comment;"""Individual gender identity.comment""@en";hriv:hasExactMeaning;Not;hrio:SelfIdentifiedGender;"""Self-identified Gender""@en";;;
standard;hrim:D9F4EFA2;hri-fhir-r5:individual-gender-identity/comment;"""Individual gender identity.comment""@en";hriv:hasExactMeaning;Not;hrio:SelfDesignatedGender;"""Self-designated Gender""@en";;;
standard;hrim:F4D62076;hri-fhir-r5:individual-gender-identity/value;"""Individual gender identity.value""@en";hriv:hasExactMeaning;;hrio:SelfIdentifiedGender;"""Self-identified Gender""@en";;;
standard;hrim:E5C631B1;hri-fhir-r5:individual-pronouns/period;"""Individual pronouns.period""@en";hriv:hasExactMeaning;Not;hrio:PreferredPronoun;"""Preferred Pronoun""@en";;;
standard;hrim:3427E9B7;hri-fhir-r5:individual-recorded-sex-or-gender/acquisition-date;"""Person recorded sex or gender.acquisitionDate""@en";hriv:hasExactMeaning;Not;hrio:OffsetDateTime;"""OffsetDateTime""@en";;;
standard;hrim:C0E2A576;hri-fhir-r5:individual-recorded-sex-or-gender/acquisition-date;"""Person recorded sex or gender.acquisitionDate""@en";hriv:hasExactMeaning;Not;hrio:Date;"""Date""@en";;;
standard;hrim:0EAD5C43;hri-fhir-r5:individual-recorded-sex-or-gender/comment;"""Person recorded sex or gender.comment""@en";hriv:hasExactMeaning;Not;hrio:Document;"""Document""@en";;;
standard;hrim:40E1B76B;hri-fhir-r5:individual-recorded-sex-or-gender/comment;"""Person recorded sex or gender.comment""@en";hriv:hasExactMeaning;Not;hrio:AdministrativeGenderRecognitionDocument;"""Administrative Gender Recognition Document""@en";;;
standard;hrim:591537B7;hri-fhir-r5:individual-recorded-sex-or-gender/gender-element-qualifier;"""Person recorded sex or gender.genderElementQualifier""@en";hriv:hasExactMeaning;Not;hrio:GenderContext;"""Gender Context""@en";;;
standard;hrim:88E8FA34;hri-fhir-r5:individual-recorded-sex-or-gender/gender-element-qualifier;"""Person recorded sex or gender.genderElementQualifier""@en";hriv:hasExactMeaning;Not;hrio:AdministrativeGender;"""Administrative Gender""@en";;;
standard;hrim:DEE6906A;hri-fhir-r5:individual-recorded-sex-or-gender/gender-element-qualifier;"""Person recorded sex or gender.genderElementQualifier""@en";hriv:hasExactMeaning;Not;hrio:ExternallyAttributedGender;"""Externally-attributed Gender""@en";;;
standard;hrim:E05DE82D;hri-fhir-r5:individual-recorded-sex-or-gender/gender-element-qualifier;"""Person recorded sex or gender.genderElementQualifier""@en";hriv:hasExactMeaning;Not;hrio:SexAtBirth;"""Sex at Birth""@en";;;
standard;hrim:096ECB69;hri-fhir-r5:individual-recorded-sex-or-gender/source;"""Person recorded sex or gender.source""@en";hriv:hasExactMeaning;Not;hrio:Organization;"""Organization""@en";;;
standard;hrim:8E185060;hri-fhir-r5:individual-recorded-sex-or-gender/source;"""Person recorded sex or gender.source""@en";hriv:hasExactMeaning;Not;hrio:ArtificialAgent;"""Artificial Agent""@en";;;
standard;hrim:B4244A2C;hri-fhir-r5:individual-recorded-sex-or-gender/source;"""Person recorded sex or gender.source""@en";hriv:hasExactMeaning;Not;hrio:Document;"""Document""@en";;;
standard;hrim:F120F48A;hri-fhir-r5:individual-recorded-sex-or-gender/source;"""Person recorded sex or gender.source""@en";hriv:hasExactMeaning;Not;hrio:SocialAgent;"""Social Agent""@en";;;
standard;hrim:1DDDCC1C;hri-fhir-r5:individual-recorded-sex-or-gender/source-document;"""Person recorded sex or gender.sourceDocument""@en";hriv:hasExactMeaning;Not;hrio:Document;"""Document""@en";;;
standard;hrim:72DACFEC;hri-fhir-r5:individual-recorded-sex-or-gender/source-document;"""Person recorded sex or gender.sourceDocument""@en";hriv:hasExactMeaning;Not;hrio:LegalGenderRecognitionDocument;"""Legal Gender Recognition Document""@en";;;
standard;hrim:807877F8;hri-fhir-r5:individual-recorded-sex-or-gender/source-document;"""Person recorded sex or gender.sourceDocument""@en";hriv:hasExactMeaning;Not;hrio:AdministrativeGenderRecognitionDocument;"""Administrative Gender Recognition Document""@en";;;
standard;hrim:5346063E;hri-fhir-r5:patient/contact/gender;"""Patient.contact.gender""@en";hriv:hasExactMeaning;Not;hrio:ExternallyAttributedGender;"""Externally-attributed Gender""@en";;;
standard;hrim:5F8C0BE7;hri-fhir-r5:patient/contact/gender;"""Patient.contact.gender""@en";hriv:hasExactMeaning;Not;hrio:LegalGender;"""Legal Gender""@en";;;
standard;hrim:F6DAD356;hri-fhir-r5:patient/contact/gender;"""Patient.contact.gender""@en";hriv:hasExactMeaning;Not;hrio:AdministrativeGender;"""Administrative Gender""@en";;;
standard;hrim:85A62585;hri-fhir-r5:recorded-sex-or-gender-type/sex;"""Sex (Recorded Sex Or Gender Type)""@en";hriv:hasExactMeaning;Not;hrio:Sex;"""Sex""@en";;;
standard;hrim:C76457BB;hri-fhir-r5:recorded-sex-or-gender-type/sex-assigned-at-birth;"""Sex assigned at birth""@en";hriv:hasExactMeaning;;hrio:SexAtBirth;"""Sex at Birth""@en";;;
standard;hrim:00BCD535;hri-ga4gh-phenopacket-schema:other_karyotype;"""OTHER_KARYOTYPE""@en";hriv:hasExactMeaning;Not;hrio:KaryotypicalIndeterminatePerson;"""Karyotypical Indeterminate Person""@en";;;
standard;hrim:2AC0C919;hri-ga4gh-phenopacket-schema:other_karyotype;"""OTHER_KARYOTYPE""@en";hriv:hasExactMeaning;Not;hrio:KaryotypicSex;"""Karyotypic Sex""@en";;;
standard;hrim:CF61816A;hri-ga4gh-phenopacket-schema:other_karyotype;"""OTHER_KARYOTYPE""@en";hriv:hasExactMeaning;Not;hrio:PersonWithVariantSexChromosome;"""Person with Variant Sex Chromosome""@en";;;
standard;hrim:18136629;hri-ga4gh-phenopacket-schema:unknown_karyotype;"""UNKNOWN_KARYOTYPE""@en";hriv:hasExactMeaning;Not;hrio:KaryotypicalIndeterminatePerson;"""Karyotypical Indeterminate Person""@en";;;
standard;hrim:8F1D80FB;hri-ga4gh-phenopacket-schema:unknown_karyotype;"""UNKNOWN_KARYOTYPE""@en";hriv:hasExactMeaning;Not;hrio:KaryotypicSex;"""Karyotypic Sex""@en";;;
standard;hrim:A674D186;hri-ga4gh-phenopacket-schema:unknown_karyotype;"""UNKNOWN_KARYOTYPE""@en";hriv:hasExactMeaning;Not;hrio:IndeterminateSex;"""Indeterminate Sex""@en";;;
standard;hrim:2B5CA8DA;hri-ga4gh-phenopacket-schema:xo;"""XO""@en";hriv:hasExactMeaning;Not;hrio:KaryotypicSex;"""Karyotypic Sex""@en";;;
standard;hrim:3E074F82;hri-ga4gh-phenopacket-schema:xo;"""XO""@en";hriv:hasExactMeaning;Not;hrio:PersonWithVariantSexChromosome;"""Person with Variant Sex Chromosome""@en";;;
standard;hrim:348200B1;hri-ga4gh-phenopacket-schema:xxxx;"""XXXX""@en";hriv:hasExactMeaning;Not;hrio:KaryotypicFemaleSex;"""Karyotypic Female Sex""@en";;;
standard;hrim:9C911E41;hri-ga4gh-phenopacket-schema:xxxx;"""XXXX""@en";hriv:hasExactMeaning;Not;hrio:PersonWithVariantSexChromosome;"""Person with Variant Sex Chromosome""@en";;;
standard;hrim:1A58D08C;hri-ga4gh-phenopacket-schema:xxy;"""XXY""@en";hriv:hasExactMeaning;Not;hrio:KaryotypicSex;"""Karyotypic Sex""@en";;;
standard;hrim:26F40049;hri-ga4gh-phenopacket-schema:xxy;"""XXY""@en";hriv:hasExactMeaning;Not;hrio:KaryotypicMaleSex;"""Karyotypic Male Sex""@en";;;
standard;hrim:885CF540;hri-ga4gh-phenopacket-schema:xxy;"""XXY""@en";hriv:hasExactMeaning;Not;hrio:VariantKaryotypicalMalePerson;"""Variant Karyotypical Male Person""@en";;;
standard;hrim:C3F4E8F4;hri-ga4gh-phenopacket-schema:xxy;"""XXY""@en";hriv:hasExactMeaning;Not;hrio:PersonWithVariantSexChromosome;"""Person with Variant Sex Chromosome""@en";;;
standard;hrim:D7683BEC;hri-ga4gh-phenopacket-schema:xy;"""XY""@en";hriv:hasExactMeaning;Not;hrio:RegularKaryotypicalMalePerson;"""Regular Karyotypical Male Person""@en";;;
standard;hrim:3ABD3E80;hri-icd11:gender-incongruence;"""Gender incongruence""@en";hriv:hasExactMeaning;Not;hrio:SelfIdentifiedTransgenderPerson;"""Self-identified Transgender Person""@en";;;
standard;hrim:4998C184;hri-icd11:gender-incongruence;"""Gender incongruence""@en";hriv:hasExactMeaning;Not;hrio:Transgender;"""Transgender""@en";;;
standard;hrim:D0737EAB;hri-icd11:gender-incongruence;"""Gender incongruence""@en";hriv:hasExactMeaning;Not;hrio:TransgenderPerson;"""Transgender Person""@en";;;
standard;hrim:2949C2DB;hri-icd11:gender-incongruence-of-adolescence-or-adulthood;"""Gender incongruence of adolescence or adulthood""@en";hriv:hasExactMeaning;Not;hrio:SelfIdentifiedTransgenderPerson;"""Self-identified Transgender Person""@en";;;
standard;hrim:6DDF4B02;hri-icd11:gender-incongruence-of-adolescence-or-adulthood;"""Gender incongruence of adolescence or adulthood""@en";hriv:hasExactMeaning;Not;hrio:TransgenderPerson;"""Transgender Person""@en";;;
standard;hrim:90EF3CA3;hri-icd11:gender-incongruence-of-adolescence-or-adulthood;"""Gender incongruence of adolescence or adulthood""@en";hriv:hasExactMeaning;Not;hrio:ClinicalDiagnosis;"""Clinical Diagnosis""@en";;;
standard;hrim:DA6EC239;hri-icd11:gender-incongruence-of-adolescence-or-adulthood;"""Gender incongruence of adolescence or adulthood""@en";hriv:hasExactMeaning;Not;hrio:Transgender;"""Transgender""@en";;;
standard;hrim:7F3DFD9B;hri-icd11:gender-incongruence-of-childhood;"""Gender incongruence of childhood""@en";hriv:hasExactMeaning;Not;hrio:Diagnosis;"""Diagnosis""@en";;;
standard;hrim:A5F1CFB8;hri-icd11:gender-incongruence-of-childhood;"""Gender incongruence of childhood""@en";hriv:hasExactMeaning;Not;hrio:Transgender;"""Transgender""@en";;;
standard;hrim:D2834F7F;hri-icd11:gender-incongruence-of-childhood;"""Gender incongruence of childhood""@en";hriv:hasExactMeaning;Not;hrio:PsychologicalHealthCondition;"""Psychological Health Condition""@en";;;
standard;hrim:FA2D9651;hri-icd11:gender-incongruence-of-childhood;"""Gender incongruence of childhood""@en";hriv:hasExactMeaning;Not;hrio:TransgenderPerson;"""Transgender Person""@en";;;
standard;hrim:643B88D1;hri-omop:female;"""Female""@en";hriv:hasExactMeaning;Not;hrio:FemaleGender;"""Female Gender""@en";;;
standard;hrim:A5DA10B4;hri-omop:female;"""Female""@en";hriv:hasExactMeaning;Not;hrio:FemaleSex;"""Female Sex""@en";;;
standard;hrim:32C9555B;hri-omop:gender-domain;"""Gender domain""@en";hriv:hasExactMeaning;Not;hrio:AdministrativeGender;"""Administrative Gender""@en";;;
standard;hrim:38A7A3C3;hri-omop:gender-domain;"""Gender domain""@en";hriv:hasExactMeaning;Not;hrio:Gender;"""Gender""@en";;;
standard;hrim:91DA1DEB;hri-omop:gender-domain;"""Gender domain""@en";hriv:hasExactMeaning;Not;hrio:SexAtBirth;"""Sex at Birth""@en";;;
standard;hrim:BD16A22D;hri-omop:gender-identity-information-stored-in-observation;"""Gender identity information (stored in OBSERVATION)""@en";hriv:hasExactMeaning;Not;hrio:SelfIdentifiedGender;"""Self-identified Gender""@en";;;
standard;hrim:FE044242;hri-omop:gender-identity-information-stored-in-observation;"""Gender identity information (stored in OBSERVATION)""@en";hriv:hasExactMeaning;Not;hrio:Gender;"""Gender""@en";;;
standard;hrim:E1022FB9;hri-omop:male;"""Male""@en";hriv:hasExactMeaning;;hrio:MaleGender;"""Male Gender""@en";;;
standard;hrim:9ADCE66A;hri-omop:person-gender-source-concept-id;"""PERSON.gender_source_concept_id""@en";hriv:hasExactMeaning;Not;hrio:SexAtBirth;"""Sex at Birth""@en";;;
standard;hrim:169CDAA8;hri-openehr:additional-details;"""Additional details""@en";hriv:hasExactMeaning;Not;hrio:AdministrativeGender;"""Administrative Gender""@en";;;
standard;hrim:AA56AE4E;hri-openehr:additional-details;"""Additional details""@en";hriv:hasExactMeaning;Not;hrio:LegalGender;"""Legal Gender""@en";;;
standard;hrim:BB4D37DA;hri-openehr:additional-details;"""Additional details""@en";hriv:hasExactMeaning;Not;hrio:GenderContext;"""Gender Context""@en";;;
standard;hrim:D8AE6317;hri-openehr:additional-details;"""Additional details""@en";hriv:hasExactMeaning;Not;hrio:GenderExpression;"""Gender Expression""@en";;;
standard;hrim:E1DD76CF;hri-openehr:additional-details;"""Additional details""@en";hriv:hasExactMeaning;Not;hrio:Gender;"""Gender""@en";;;
standard;hrim:163950B6;hri-openehr:administrative-gender;"""Administrative gender""@en";hriv:hasExactMeaning;;hrio:AdministrativeGender;"""Administrative Gender""@en";;;
standard;hrim:4250D7F8;hri-openehr:gender;"""Gender""@en";hriv:hasExactMeaning;Not;hrio:Gender;"""Gender""@en";;;
standard;hrim:C656C05F;hri-openehr:gender;"""Gender""@en";hriv:hasExactMeaning;Not;hrio:SexGender;"""Sex-Gender""@en";;;
standard;hrim:9EDB0528;hri-openehr:gender-expression;"""Gender expression""@en";hriv:hasExactMeaning;Not;hrio:GenderExpression;"""Gender Expression""@en";;;
standard;hrim:1589B497;hri-openehr:gender-identity;"""Gender identity""@en";hriv:hasExactMeaning;Not;hrio:SelfIdentifiedGender;"""Self-identified Gender""@en";;;
standard;hrim:C53F34A8;hri-openehr:legal-gender;"""Legal gender""@en";hriv:hasExactMeaning;;hrio:LegalGender;"""Legal Gender""@en";;;
standard;hrim:C82C95ED;hri-openehr:preferred-pronoun;"""Preferred pronoun""@en";hriv:hasExactMeaning;Not;hrio:PreferredPronoun;"""Preferred Pronoun""@en";;;
standard;hrim:B43970EE;hri-openehr:sex-assigned-at-birth;"""Sex assigned at birth""@en";hriv:hasExactMeaning;;hrio:SexAtBirth;"""Sex at Birth""@en";;;
standard;hrim:EBC3495B;loinc:107454-1;"""Administrative gender""@en";hriv:hasExactMeaning;;hrio:AdministrativeGender;"""Administrative Gender""@en";;;
standard;hrim:45D746CC;loinc:54123-5;"""Sex of Family member""@en";hriv:hasExactMeaning;Not;hrio:SexAtBirth;"""Sex at Birth""@en";;;
standard;hrim:6996F191;loinc:54123-5;"""Sex of Family member""@en";hriv:hasExactMeaning;Not;hrio:Gender;"""Gender""@en";;;
standard;hrim:764B22C4;loinc:72143-1;"""Sex [HL7.v3]""@en";hriv:hasExactMeaning;Not;hrio:Sex;"""Sex""@en";;;
standard;hrim:83D8C2F9;loinc:72143-1;"""Sex [HL7.v3]""@en";hriv:hasExactMeaning;Not;hrio:AdministrativeGender;"""Administrative Gender""@en";;;
standard;hrim:9DA69D6D;loinc:72143-1;"""Sex [HL7.v3]""@en";hriv:hasExactMeaning;Not;hrio:SexAtBirth;"""Sex at Birth""@en";;;
standard;hrim:C389F0EA;loinc:76689-9;"""Sex assigned at birth""@en";hriv:hasExactMeaning;;hrio:SexAtBirth;"""Sex at Birth""@en";;;
standard;hrim:9B138340;loinc:76691-5;"""Gender identity""@en";hriv:hasExactMeaning;;hrio:SelfIdentifiedGender;"""Self-identified Gender""@en";;;
standard;hrim:6FE6C8C2;loinc:91692-4;"""Sex of Personnel""@en";hriv:hasExactMeaning;Not;hrio:SexGender;"""Sex-Gender""@en";;;
standard;hrim:EF8218B8;loinc:91692-4;"""Sex of Personnel""@en";hriv:hasExactMeaning;Not;hrio:IndeterminateSex;"""Indeterminate Sex""@en";;;
standard;hrim:9ADC1E2F;loinc:99501-9;"""Sex parameter for clinical use""@en";hriv:hasExactMeaning;;hrio:Sex;"""Sex""@en";;;
standard;hrim:535B9057;loinc:LA20384-6;"""Asked but unknown (sex/gender response)""@en";hriv:hasExactMeaning;Not;hrio:SelfIdentifiedGender;"""Self-identified Gender""@en";;;
standard;hrim:1EC7879A;loinc:LA22878-5;"""Identifies as male""@en";hriv:hasExactMeaning;;hrio:SelfIdentifiedMaleGender;"""Self-identified Male Gender""@en";;;
standard;hrim:F5797932;loinc:LA22879-3;"""Identifies as female""@en";hriv:hasExactMeaning;;hrio:SelfIdentifiedFemaleGender;"""Self-identified Female Gender""@en";;;
standard;hrim:9999A348;loinc:LA29515-6;"""co/co/cos/cos/coself""@en";hriv:hasExactMeaning;Not;hrio:PreferredPronoun;"""Preferred Pronoun""@en";;;
standard;hrim:8EBE99D0;loinc:LA29517-2;"""ey/em/eir/eirs/emself""@en";hriv:hasExactMeaning;Not;hrio:PreferredPronoun;"""Preferred Pronoun""@en";;;
standard;hrim:200FD324;loinc:LA29518-0;"""he/him/his/his/himself""@en";hriv:hasExactMeaning;Not;hrio:PreferredPronoun;"""Preferred Pronoun""@en";;;
standard;hrim:63463CD5;loinc:LA29520-6;"""they/them/their/theirs/themselves""@en";hriv:hasExactMeaning;Not;hrio:PreferredPronoun;"""Preferred Pronoun""@en";;;
standard;hrim:765ABCFD;loinc:LA29524-8;"""ve/vis/ver/ver/verself""@en";hriv:hasExactMeaning;Not;hrio:PreferredPronoun;"""Preferred Pronoun""@en";;;
standard;hrim:A53D29E9;loinc:LA35089-4;"""Gender X""@en";hriv:hasExactMeaning;Not;hrio:AdministrativeNonBinaryGender;"""Administrative Non-binary Gender""@en";;;
standard;hrim:1B52D0D6;loinc:LA3-6;"""Female""@en";hriv:hasExactMeaning;Not;hrio:Female;"""Female""@en";;;
standard;hrim:2EFEE185;loinc:LA3-6;"""Female""@en";hriv:hasExactMeaning;Not;hrio:FemaleSex;"""Female Sex""@en";;;
standard;hrim:3A1E867F;loinc:LA3-6;"""Female""@en";hriv:hasExactMeaning;Not;hrio:SelfIdentifiedFemaleGender;"""Self-identified Female Gender""@en";;;
standard;hrim:703633D0;loinc:LA3-6;"""Female""@en";hriv:hasExactMeaning;Not;hrio:FemaleGender;"""Female Gender""@en";;;
standard;hrim:A1BC897B;loinc:LA3-6;"""Female""@en";hriv:hasExactMeaning;Not;hrio:SexAtBirthFemaleSex;"""Sex-at-birth Female Sex""@en";;;
standard;hrim:F8933205;loinc:LA3-6;"""Female""@en";hriv:hasExactMeaning;Not;hrio:AdministrativeFemaleGender;"""Administrative Female Gender""@en";;;
standard;hrim:6E305CF1;loinc:LA4489-6;"""Unknown (sex/gender response)""@en";hriv:hasExactMeaning;Not;hrio:IndeterminateSex;"""Indeterminate Sex""@en";;;
standard;hrim:A2B18F90;loinc:LA4489-6;"""Unknown (sex/gender response)""@en";hriv:hasExactMeaning;Not;hrio:SexAtBirthUnassignedPerson;"""Sex-at-birth-unassigned Person""@en";;;
standard;hrim:CAF52B45;loinc:LA4489-6;"""Unknown (sex/gender response)""@en";hriv:hasExactMeaning;Not;hrio:SexAtBirthIndeterminateSex;"""Sex-at-birth Indeterminate Sex""@en";;;
standard;hrim:D77F0A9B;loinc:LA4489-6;"""Unknown (sex/gender response)""@en";hriv:hasExactMeaning;Not;hrio:LegallyUnassignedGenderPerson;"""Legally Unassigned Gender Person""@en";;;
standard;hrim:7109FAC1;loinc:LA4512-5;"""Transsexual""@en";hriv:hasExactMeaning;Not;hrio:TransgenderPerson;"""Transgender Person""@en";;;
standard;hrim:DABA7C3E;loinc:LA4512-5;"""Transsexual""@en";hriv:hasExactMeaning;Not;hrio:ExternallyAttributedTransgenderPerson;"""Externally-attributed Transgender Person""@en";;;
standard;hrim:FA0A28AE;loinc:LA4512-5;"""Transsexual""@en";hriv:hasExactMeaning;Not;hrio:SelfIdentifiedTransgenderPerson;"""Self-identified Transgender Person""@en";;;
standard;hrim:0B7705EE;loinc:LA46-8;"""Other (sex/gender response)""@en";hriv:hasExactMeaning;Not;hrio:NonBinaryGender;"""Non-binary Gender""@en";;;
standard;hrim:989C4E05;loinc:LA46-8;"""Other (sex/gender response)""@en";hriv:hasExactMeaning;Not;hrio:IndeterminateSex;"""Indeterminate Sex""@en";;;
standard;hrim:C8F90D22;loinc:LA46-8;"""Other (sex/gender response)""@en";hriv:hasExactMeaning;Not;hrio:NonBinarySexGender;"""Non-binary Sex-Gender""@en";;;
standard;hrim:0AAD2458;loinc:LA4732-9;"""Other (hermaphrodite)""@en";hriv:hasExactMeaning;Not;hrio:SexAtBirthIndeterminateSex;"""Sex-at-birth Indeterminate Sex""@en";;;
standard;hrim:1CDED3BF;loinc:LA4732-9;"""Other (hermaphrodite)""@en";hriv:hasExactMeaning;Not;hrio:IndeterminateSex;"""Indeterminate Sex""@en";;;
standard;hrim:5E5912F3;loinc:LA4732-9;"""Other (hermaphrodite)""@en";hriv:hasExactMeaning;Not;hrio:PhenotypicAmbiguousSex;"""Phenotypic Ambiguous Sex""@en";;;
standard;hrim:88089BA3;mesh:D005783;"""Gender Identity""@en";hriv:hasExactMeaning;Not;hrio:SelfIdentifiedGender;"""Self-identified Gender""@en";;;
standard;hrim:FB2D64D9;ncit:C158277;"""Gender identity""@en";hriv:hasExactMeaning;;hrio:SelfIdentifiedGender;"""Self-identified Gender""@en";;;
standard;hrim:0BAE797E;ncit:C16576;"""Female""@en";hriv:hasExactMeaning;Not;hrio:Woman;"""Woman""@en";;;
standard;hrim:8A6B879C;ncit:C16576;"""Female""@en";hriv:hasExactMeaning;Not;hrio:FemaleSex;"""Female Sex""@en";;;
standard;hrim:D0030061;ncit:C16576;"""Female""@en";hriv:hasExactMeaning;Not;hrio:FemaleGender;"""Female Gender""@en";;;
standard;hrim:D6A55786;ncit:C16576;"""Female""@en";hriv:hasExactMeaning;Not;hrio:Female;"""Female""@en";;;
standard;hrim:20C61A73;ncit:C17998;"""Gender Identity = Unknown""@en";hriv:hasExactMeaning;Not;hrio:SelfIdentifiedGender;"""Self-identified Gender""@en";;;
standard;hrim:36F36C72;ncit:C17998;"""Sex = Unknown""@en";hriv:hasExactMeaning;Not;hrio:PhenotypicAmbiguousSex;"""Phenotypic Ambiguous Sex""@en";;;
standard;hrim:7CE3271C;ncit:C17998;"""Sex = Unknown""@en";hriv:hasExactMeaning;Not;hrio:IndeterminateSex;"""Indeterminate Sex""@en";;;
standard;hrim:841E4586;ncit:C17998;"""Unknown""@en";hriv:hasExactMeaning;Not;hrio:AdministrativeGender;"""Administrative Gender""@en";;;
standard;hrim:FAE52A5D;ncit:C17998;"""Unknown""@en";hriv:hasExactMeaning;Not;hrio:LegallyUnassignedGenderPerson;"""Legally Unassigned Gender Person""@en";;;
standard;hrim:1209BC2A;ncit:C20197;"""Male""@en";hriv:hasExactMeaning;Not;hrio:Male;"""Male""@en";;;
standard;hrim:38E3E6B8;ncit:C20197;"""Male""@en";hriv:hasExactMeaning;Not;hrio:MaleSex;"""Male Sex""@en";;;
standard;hrim:70C2BF1B;ncit:C20197;"""Male""@en";hriv:hasExactMeaning;Not;hrio:MaleGender;"""Male Gender""@en";;;
standard;hrim:8A8D6075;ncit:C20197;"""Male""@en";hriv:hasExactMeaning;Not;hrio:Man;"""Man""@en";;;
standard;hrim:F75FEF86;ncit:C205468;"""Non-Binary""@en";hriv:hasExactMeaning;;hrio:SelfIdentifiedNonBinaryGender;"""Self-identified Non-binary Gender""@en";;;
standard;hrim:EFED761C;ncit:C205472;"""Sex at birth (including Sex Assigned at Birth / Sex Reported at Birth)""@en";hriv:hasExactMeaning;;hrio:SexAtBirth;"""Sex at Birth""@en";;;
standard;hrim:67B26CF8;ncit:C45908;"""Intersex""@en";hriv:hasExactMeaning;Not;hrio:SexAtBirthIndeterminateSex;"""Sex-at-birth Indeterminate Sex""@en";;;
standard;hrim:B35F39C3;ncit:C45908;"""Intersex""@en";hriv:hasExactMeaning;Not;hrio:IndeterminateSex;"""Indeterminate Sex""@en";;;
standard;hrim:C71CCB34;ncit:C45908;"""Intersex""@en";hriv:hasExactMeaning;Not;hrio:PhenotypicAmbiguousSex;"""Phenotypic Ambiguous Sex""@en";;;
standard;hrim:5C1732B3;ncit:C46121;"""Transgender Man/Boy""@en";hriv:hasExactMeaning;Not;hrio:SelfIdentifiedTransgenderPerson;"""Self-identified Transgender Person""@en";;;
standard;hrim:FA51714B;ncit:C46121;"""Transgender Man/Boy""@en";hriv:hasExactMeaning;Not;hrio:SelfIdentifiedMaleGenderPerson;"""Self-identified Male-gender Person""@en";;;
standard;hrim:67F3026E;ncit:C66731;"""Sex codelist""@en";hriv:hasExactMeaning;Not;hrio:SexOutcome;"""Sex Outcome""@en";;;
standard;hrim:F165A084;ncit:C66731;"""Sex codelist""@en";hriv:hasExactMeaning;Not;hrio:SexGenderOutcome;"""Sex-Gender Outcome""@en";;;
standard;hrim:DC416BAD;obo:GSSO_000088;"""gender expression""@en";hriv:hasExactMeaning;Not;hrio:GenderExpression;"""Gender Expression""@en";;;
standard;hrim:049D2B85;obo:GSSO_000089;"""female gender identity""@en";hriv:hasExactMeaning;Not;hrio:SelfIdentifiedFemaleGender;"""Self-identified Female Gender""@en";;;
standard;hrim:41DC1633;obo:GSSO_000093;"""androgynous gender expression""@en";hriv:hasExactMeaning;Not;hrio:NonBinaryGenderExpression;"""Non-binary Gender Expression""@en";;;
standard;hrim:9EB5302C;obo:GSSO_000094;"""feminine gender expression""@en";hriv:hasExactMeaning;Not;hrio:FemininePresentingPerson;"""Feminine-presenting Person""@en";;;
standard;hrim:B2F804F1;obo:GSSO_000094;"""feminine gender expression""@en";hriv:hasExactMeaning;Not;hrio:FeminineGenderExpression;"""Feminine Gender Expression""@en";;;
standard;hrim:F2B6EC0D;obo:GSSO_000123;"""assigned female at birth""@en";hriv:hasExactMeaning;Not;hrio:SexAtBirthFemaleSex;"""Sex-at-birth Female Sex""@en";;;
standard;hrim:1516D90F;obo:GSSO_000130;"""transgender person""@en";hriv:hasExactMeaning;Not;hrio:TransgenderPerson;"""Transgender Person""@en";;;
standard;hrim:C0A8AF6F;obo:GSSO_000130;"""transgender person""@en";hriv:hasExactMeaning;Not;hrio:ExternallyAttributedTransgenderPerson;"""Externally-attributed Transgender Person""@en";;;
standard;hrim:32016AE7;obo:GSSO_000371;"""cisgender man""@en";hriv:hasExactMeaning;Not;hrio:ExternallyAttributedCisgenderMalePerson;"""Externally-attributed Cisgender Male Person""@en";;;
standard;hrim:3279D3BB;obo:GSSO_000371;"""cisgender man""@en";hriv:hasExactMeaning;Not;hrio:MaleCisgenderPerson;"""Male Cisgender Person""@en";;;
standard;hrim:84CCDF8D;obo:GSSO_000371;"""cisgender man""@en";hriv:hasExactMeaning;Not;hrio:SelfIdentifiedCisgenderMalePerson;"""Self-identified Cisgender Male Person""@en";;;
standard;hrim:26DDC5AF;obo:GSSO_000384;"""transgender woman""@en";hriv:hasExactMeaning;Not;hrio:TransgenderPerson;"""Transgender Person""@en";;;
standard;hrim:38BC456A;obo:GSSO_000384;"""transgender woman""@en";hriv:hasExactMeaning;Not;hrio:Woman;"""Woman""@en";;;
standard;hrim:A8A694C7;obo:GSSO_000384;"""transgender woman""@en";hriv:hasExactMeaning;Not;hrio:SexAtBirthMaleSexPerson;"""Sex-at-birth Male-sex Person""@en";;;
standard;hrim:CACF23D3;obo:GSSO_000384;"""transgender woman""@en";hriv:hasExactMeaning;Not;hrio:FemaleGenderPerson;"""Female-gender Person""@en";;;
standard;hrim:1CD108E2;obo:GSSO_000385;"""cisgender woman""@en";hriv:hasExactMeaning;Not;hrio:FemaleCisgenderPerson;"""Female Cisgender Person""@en";;;
standard;hrim:1DD6F6A8;obo:GSSO_000385;"""cisgender woman""@en";hriv:hasExactMeaning;Not;hrio:SelfIdentifiedCisgenderFemalePerson;"""Self-identified Cisgender Female Person""@en";;;
standard;hrim:B382F827;obo:GSSO_000389;"""cisgender person""@en";hriv:hasExactMeaning;Not;hrio:CisgenderPerson;"""Cisgender Person""@en";;;
standard;hrim:D14D1EAA;obo:GSSO_001501;"""indeterminate sex""@en";hriv:hasExactMeaning;Not;hrio:PhenotypicAmbiguousSex;"""Phenotypic Ambiguous Sex""@en";;;
standard;hrim:E61BD4F0;obo:GSSO_001501;"""indeterminate sex""@en";hriv:hasExactMeaning;Not;hrio:SexAtBirthIndeterminateSex;"""Sex-at-birth Indeterminate Sex""@en";;;
standard;hrim:FFF2AAC4;obo:GSSO_001501;"""indeterminate sex""@en";hriv:hasExactMeaning;Not;hrio:IndeterminateSexPerson;"""Indeterminate-sex Person""@en";;;
standard;hrim:D5CC2E9A;obo:GSSO_002328;"""nonbinary gender identity""@en";hriv:hasExactMeaning;Not;hrio:SelfIdentifiedNonBinaryGender;"""Self-identified Non-binary Gender""@en";;;
standard;hrim:019A9367;obo:GSSO_004240;"""cisgender""@en";hriv:hasExactMeaning;Not;hrio:CisgenderPerson;"""Cisgender Person""@en";;;
standard;hrim:0A793990;obo:GSSO_004240;"""cisgender""@en";hriv:hasExactMeaning;;hrio:Cisgender;"""Cisgender""@en";;;
standard;hrim:68CA2B32;obo:GSSO_004240;"""cisgender""@en";hriv:hasExactMeaning;Not;hrio:SelfIdentifiedCisgenderPerson;"""Self-identified Cisgender Person""@en";;;
standard;hrim:6F011CFF;obo:GSSO_004240;"""cisgender""@en";hriv:hasExactMeaning;Not;hrio:ExternallyAttributedCisgenderPerson;"""Externally-attributed Cisgender Person""@en";;;
standard;hrim:8CB5F8B9;obo:GSSO_004240;"""cisgender""@en";hriv:hasExactMeaning;Not;hrio:Cisgender;"""Cisgender""@en";;;
standard;hrim:7668A41C;obo:GSSO_009316;"""administrative gender""@en";hriv:hasExactMeaning;;hrio:AdministrativeGender;"""Administrative Gender""@en";;;
standard;hrim:3A008FC2;obo:GSSO_011405;"""person assigned male at birth""@en";hriv:hasExactMeaning;;hrio:SexAtBirthMaleSexPerson;"""Sex-at-birth Male-sex Person""@en";;;
standard;hrim:3A798576;obo:GSSO_011405;"""UNVERIFIED""@en";hriv:hasExactMeaning;Not;hrio:AdministrativeMaleGenderPerson;"""Administrative Male-gender Person""@en";;;
standard;hrim:599C8E09;obo:GSSO_011405;"""UNVERIFIED""@en";hriv:hasExactMeaning;Not;hrio:ExternallyAttributedMaleGenderPerson;"""Externally-attributed Male-gender Person""@en";;;
standard;hrim:959B56A6;obo:GSSO_011405;"""UNVERIFIED""@en";hriv:hasExactMeaning;Not;hrio:SexAtBirthMaleSexPerson;"""Sex-at-birth Male-sex Person""@en";;;
standard;hrim:3F0F54AF;obo:NCIT_C17357;"""Gender""@en";hriv:hasExactMeaning;Not;hrio:Gender;"""Gender""@en";;;
standard;hrim:7810775A;obo:NCIT_C17357;"""Gender""@en";hriv:hasExactMeaning;;hrio:Gender;"""Gender""@en";;;
standard;hrim:1AD2B86F;obo:NCIT_C17998;"""UNKNOWN_SEX""@en";hriv:hasExactMeaning;Not;hrio:PhenotypicAmbiguousSex;"""Phenotypic Ambiguous Sex""@en";;;
standard;hrim:2C69B880;obo:NCIT_C17998;"""UNKNOWN_SEX""@en";hriv:hasExactMeaning;Not;hrio:SexAtBirth;"""Sex at Birth""@en";;;
standard;hrim:56A0DF52;obo:NCIT_C17998;"""UNKNOWN_SEX""@en";hriv:hasExactMeaning;Not;hrio:PhenotypicSex;"""Phenotypic Sex""@en";;;
standard;hrim:4382f22d;onz-g:Animal;"""Dier""@nl";hriv:hasExactMeaning;;hrio:Animal;"""Animal""@en";;;
standard;hrim:25F96BF9;onz-g:BiologicalSex;"""Geslacht""@nl";hriv:hasExactMeaning;Not;hrio:PhenotypicSex;"""Phenotypic Sex""@en";hrim:57f0e74d;;
standard;hrim:48D726DF;onz-g:BiologicalSex;"""Geslacht""@nl";hriv:hasExactMeaning;Not;hrio:KaryotypicSex;"""Karyotypic Sex""@en";hrim:57f0e74d;;
standard;hrim:514C537A;onz-g:BiologicalSex;"""Geslacht""@nl";hriv:hasExactMeaning;Not;hrio:Sex;"""Sex""@en";hrim:57f0e74d;;
standard;hrim:57096F68;onz-g:BiologicalSex;"""Geslacht""@nl";hriv:hasExactMeaning;Not;hrio:Sex;"""Sex""@en";hrim:57f0e74d;;
standard;hrim:57f0e74d;onz-g:BiologicalSex;"""Geslacht""@nl";hriv:hasExactMeaning;;hrio:Sex;"""Sex""@en";;;
standard;hrim:638AF1C1;onz-g:BiologicalSex;"""Geslacht""@nl";hriv:hasExactMeaning;Not;hrio:PhenotypicSex;"""Phenotypic Sex""@en";hrim:57f0e74d;;
standard;hrim:CB7E9E60;onz-g:BiologicalSex;"""Geslacht""@nl";hriv:hasExactMeaning;Not;hrio:KaryotypicSex;"""Karyotypic Sex""@en";hrim:57f0e74d;;
standard;hrim:276A1799;onz-g:FemaleSex;"""Vrouwelijk geslacht""@nl";hriv:hasExactMeaning;Not;hrio:FemaleSex;"""Female Sex""@en";;;
standard;hrim:C0EF8398;onz-g:FemaleSex;"""Vrouwelijk geslacht""@nl";hriv:hasExactMeaning;Not;hrio:FemaleSex;"""Female Sex""@en";;;
standard;hrim:4a3ce4ed;onz-g:GenderIdentity;"""Genderidentiteit""@nl";hriv:hasExactMeaning;;hrio:GenderIdentity;"""Gender Identity""@en";;;
standard;hrim:AB489D97;onz-g:GenderIdentity;"""Genderidentiteit""@nl";hriv:hasExactMeaning;;hrio:SelfIdentifiedGender;"""Self-identified Gender""@en";;;
standard;hrim:1158513A;onz-g:GenderIdentityValue;"""Genderidentiteitswaarde""@nl";hriv:hasExactMeaning;Not;hrio:SelfIdentifiedAgenderPerson;"""Self-identified Agender Person""@en";;;
standard;hrim:147FA86A;onz-g:GenderIdentityValue;"""Genderidentiteitswaarde""@nl";hriv:hasExactMeaning;Not;hrio:SelfIdentifiedNonBinaryGender;"""Self-identified Non-binary Gender""@en";;;
standard;hrim:226F5CF2;onz-g:GenderIdentityValue;"""Genderidentiteitswaarde""@nl";hriv:hasExactMeaning;Not;hrio:SelfIdentifiedGender;"""Self-identified Gender""@en";;;
standard;hrim:378E7E1E;onz-g:GenderIdentityValue;"""Genderidentiteitswaarde""@nl";hriv:hasExactMeaning;Not;hrio:SelfIdentifiedGender;"""Self-identified Gender""@en";;;
standard;hrim:C4F4D535;onz-g:GenderIdentityValue;"""Genderidentiteitswaarde""@nl";hriv:hasExactMeaning;Not;hrio:SelfIdentifiedNonBinaryGender;"""Self-identified Non-binary Gender""@en";;;
standard;hrim:C88426BA;onz-g:GenderIdentityValue;"""Genderidentiteitswaarde""@nl";hriv:hasExactMeaning;Not;hrio:SelfIdentifiedAgenderPerson;"""Self-identified Agender Person""@en";;;
standard;hrim:267fb4be;onz-g:Human;"""Mens""@nl";hriv:hasExactMeaning;;hrio:Person;"""Person""@en";;;
standard;hrim:639c6016;onz-g:IntersexPerson;"""Intersekse persoon""@nl";hriv:hasExactMeaning;;hrio:IndeterminateBiologicalPerson;"""Indeterminate Biological Person""@en";;;
standard;hrim:1B0A60F9;onz-g:Intersexual;"""Intersexe geslacht""@nl";hriv:hasExactMeaning;Not;hrio:IndeterminateSex;"""Indeterminate Sex""@en";;;
standard;hrim:7C46B10D;onz-g:Intersexual;"""Intersexe geslacht""@nl";hriv:hasExactMeaning;Not;hrio:PhenotypicAmbiguousSex;"""Phenotypic Ambiguous Sex""@en";;;
standard;hrim:8DC2CC88;onz-g:Intersexual;"""Intersexe geslacht""@nl";hriv:hasExactMeaning;Not;hrio:IndeterminateSex;"""Indeterminate Sex""@en";;;
standard;hrim:D847100A;onz-g:Intersexual;"""Intersexe geslacht""@nl";hriv:hasExactMeaning;Not;hrio:PhenotypicAmbiguousSex;"""Phenotypic Ambiguous Sex""@en";;;
standard;hrim:1c56bebe;onz-g:Man;"""Man""@nl";hriv:hasExactMeaning;;hrio:MaleBiologicalPerson;"""Male Biological Person""@en";;;
standard;hrim:381DC90E;onz-g:Man;"""Man""@nl";hriv:hasExactMeaning;Not;hrio:MaleSexPerson;"""Male-sex Person""@en";hrim:1c56bebe;;
standard;hrim:58437A78;onz-g:Man;"""Man""@nl";hriv:hasExactMeaning;Not;hrio:MaleSexPerson;"""Male-sex Person""@en";hrim:1c56bebe;;
standard;hrim:14D83083;onz-g:Woman;"""Vrouw""@nl";hriv:hasExactMeaning;Not;hrio:FemaleSexPerson;"""Female-sex Person""@en";hrim:1ce9d055;;
standard;hrim:1ce9d055;onz-g:Woman;"""Vrouw""@nl";hriv:hasExactMeaning;;hrio:FemaleBiologicalPerson;"""Female Biological Person""@en";;;
standard;hrim:C35827FE;onz-g:Woman;"""Vrouw""@nl";hriv:hasExactMeaning;Not;hrio:FemaleGenderPerson;"""Female-gender Person""@en";hrim:1ce9d055;;
standard;hrim:E774CD0D;onz-g:Woman;"""Vrouw""@nl";hriv:hasExactMeaning;Not;hrio:FemaleGenderPerson;"""Female-gender Person""@en";hrim:1ce9d055;;
standard;hrim:F496E3B2;onz-g:Woman;"""Vrouw""@nl";hriv:hasExactMeaning;Not;hrio:FemaleSexPerson;"""Female-sex Person""@en";hrim:1ce9d055;;
standard;hrim:0536F7E2;snomed:248152002;"""Female (finding)""@en";hriv:hasExactMeaning;Not;hrio:PhenotypicFemaleSex;"""Phenotypic Female Sex""@en";;;
standard;hrim:21D70200;snomed:248152002;"""Female (finding)""@en";hriv:hasExactMeaning;Not;hrio:KaryotypicFemaleSex;"""Karyotypic Female Sex""@en";;;
standard;hrim:2EA1BCDC;snomed:248152002;"""Female (finding)""@en";hriv:hasExactMeaning;Not;hrio:PhenotypicFemaleSex;"""Phenotypic Female Sex""@en";;;
standard;hrim:4BAF6C9F;snomed:248152002;"""Female (finding)""@en";hriv:hasExactMeaning;Not;hrio:FemaleSexPerson;"""Female-sex Person""@en";;;
standard;hrim:6C791C6C;snomed:248152002;"""Female (finding)""@en";hriv:hasExactMeaning;Not;hrio:KaryotypicFemaleSex;"""Karyotypic Female Sex""@en";;;
standard;hrim:788147B5;snomed:248152002;"""Female (finding)""@en";hriv:hasExactMeaning;Not;hrio:SexAtBirthFemaleSex;"""Sex-at-birth Female Sex""@en";;;
standard;hrim:7D8AD954;snomed:248152002;"""Female (finding)""@en";hriv:hasExactMeaning;Not;hrio:FemaleSex;"""Female Sex""@en";;;
standard;hrim:8906120C;snomed:248152002;"""Female (finding)""@en";hriv:hasExactMeaning;Not;hrio:FemaleSex;"""Female Sex""@en";;;
standard;hrim:9F944ED3;snomed:248152002;"""Female (finding)""@en";hriv:hasExactMeaning;Not;hrio:Female;"""Female""@en";;;
standard;hrim:A64E90ED;snomed:248152002;"""Female (finding)""@en";hriv:hasExactMeaning;Not;hrio:Female;"""Female""@en";;;
standard;hrim:B585DF58;snomed:248152002;"""Female (finding)""@en";hriv:hasExactMeaning;Not;hrio:FemaleSexPerson;"""Female-sex Person""@en";;;
standard;hrim:BEA16386;snomed:248152002;"""Female (finding)""@en";hriv:hasExactMeaning;Not;hrio:SexAtBirthFemaleSex;"""Sex-at-birth Female Sex""@en";;;
standard;hrim:002C0C53;snomed:248153007;"""Male (finding)""@en";hriv:hasExactMeaning;Not;hrio:KaryotypicMaleSex;"""Karyotypic Male Sex""@en";;;
standard;hrim:0F8E7880;snomed:248153007;"""Male (finding)""@en";hriv:hasExactMeaning;Not;hrio:Male;"""Male""@en";;;
standard;hrim:207D1119;snomed:248153007;"""Male (finding)""@en";hriv:hasExactMeaning;Not;hrio:SexAtBirthMaleSex;"""Sex-at-birth Male Sex""@en";;;
standard;hrim:30463ADA;snomed:248153007;"""Male (finding)""@en";hriv:hasExactMeaning;Not;hrio:MaleSex;"""Male Sex""@en";;;
standard;hrim:3448CB1B;snomed:248153007;"""Male (finding)""@en";hriv:hasExactMeaning;Not;hrio:MaleSexPerson;"""Male-sex Person""@en";;;
standard;hrim:44B8EB15;snomed:248153007;"""Male (finding)""@en";hriv:hasExactMeaning;Not;hrio:MaleSexPerson;"""Male-sex Person""@en";;;
standard;hrim:892FCC20;snomed:248153007;"""Male (finding)""@en";hriv:hasExactMeaning;Not;hrio:SexAtBirthMaleSex;"""Sex-at-birth Male Sex""@en";;;
standard;hrim:9B85D513;snomed:248153007;"""Male (finding)""@en";hriv:hasExactMeaning;Not;hrio:PhenotypicMaleSex;"""Phenotypic Male Sex""@en";;;
standard;hrim:9E346285;snomed:248153007;"""Male (finding)""@en";hriv:hasExactMeaning;Not;hrio:KaryotypicMaleSex;"""Karyotypic Male Sex""@en";;;
standard;hrim:AEC1F8D5;snomed:248153007;"""Male (finding)""@en";hriv:hasExactMeaning;Not;hrio:MaleSex;"""Male Sex""@en";;;
standard;hrim:D650AA08;snomed:248153007;"""Male (finding)""@en";hriv:hasExactMeaning;Not;hrio:Male;"""Male""@en";;;
standard;hrim:DE03BC63;snomed:248153007;"""Male (finding)""@en";hriv:hasExactMeaning;Not;hrio:PhenotypicMaleSex;"""Phenotypic Male Sex""@en";;;
standard;hrim:0E8CE29B;snomed:263495000;"""Gender (observable entity)""@en";hriv:hasExactMeaning;Not;hrio:ExternallyAttributedGender;"""Externally-attributed Gender""@en";;;
standard;hrim:53795693;snomed:263495000;"""Gender (observable entity)""@en";hriv:hasExactMeaning;Not;hrio:SelfIdentifiedGender;"""Self-identified Gender""@en";;;
standard;hrim:951F2DC4;snomed:263495000;"""Gender (observable entity)""@en";hriv:hasExactMeaning;Not;hrio:Gender;"""Gender""@en";;;
standard;hrim:A61208CF;snomed:263495000;"""Gender (observable entity)""@en";hriv:hasExactMeaning;Not;hrio:ExternallyAttributedGender;"""Externally-attributed Gender""@en";;;
standard;hrim:BEFE1115;snomed:263495000;"""Gender (observable entity)""@en";hriv:hasExactMeaning;Not;hrio:Gender;"""Gender""@en";;;
standard;hrim:E15B519C;snomed:263495000;"""Gender (observable entity)""@en";hriv:hasExactMeaning;Not;hrio:SelfIdentifiedGender;"""Self-identified Gender""@en";;;
standard;hrim:34B4DBE9;snomed:285116001;"""Gender identity finding (finding)""@en";hriv:hasExactMeaning;Not;hrio:SelfIdentifiedGender;"""Self-identified Gender""@en";;;
standard;hrim:63A8814F;snomed:285116001;"""Gender identity finding (finding)""@en";hriv:hasExactMeaning;Not;hrio:SelfDesignatedGender;"""Self-designated Gender""@en";;;
standard;hrim:78244AF1;snomed:285116001;"""Gender identity finding (finding)""@en";hriv:hasExactMeaning;Not;hrio:Gender;"""Gender""@en";;;
standard;hrim:84C9F5EA;snomed:285116001;"""Gender identity finding (finding)""@en";hriv:hasExactMeaning;Not;hrio:Gender;"""Gender""@en";;;
standard;hrim:A8A5E70E;snomed:285116001;"""Gender identity finding (finding)""@en";hriv:hasExactMeaning;Not;hrio:SelfIdentifiedGender;"""Self-identified Gender""@en";;;
standard;hrim:C6A875E5;snomed:285116001;"""Gender identity finding (finding)""@en";hriv:hasExactMeaning;Not;hrio:SelfDesignatedGender;"""Self-designated Gender""@en";;;
standard;hrim:0086F75C;snomed:302081005;"""Finding of sex of baby (finding)""@en";hriv:hasExactMeaning;Not;hrio:SexAtBirth;"""Sex at Birth""@en";;;
standard;hrim:9567BF09;snomed:302081005;"""Finding of sex of baby (finding)""@en";hriv:hasExactMeaning;Not;hrio:PhenotypicSex;"""Phenotypic Sex""@en";;;
standard;hrim:034A72F2;snomed:365873007;"""Gender finding (finding)""@en";hriv:hasExactMeaning;Not;hrio:Gender;"""Gender""@en";;;
standard;hrim:69D47B17;snomed:365873007;"""Gender finding (finding)""@en";hriv:hasExactMeaning;Not;hrio:SelfIdentifiedGender;"""Self-identified Gender""@en";;;
standard;hrim:9F19B61F;snomed:365873007;"""Gender finding (finding)""@en";hriv:hasExactMeaning;Not;hrio:Gender;"""Gender""@en";;;
standard;hrim:F42D8F04;snomed:365873007;"""Gender finding (finding)""@en";hriv:hasExactMeaning;Not;hrio:SelfIdentifiedGender;"""Self-identified Gender""@en";;;
standard;hrim:2B234469;snomed:429019009;"""Finding related to biological sex (finding)""@en";hriv:hasExactMeaning;Not;hrio:Sex;"""Sex""@en";;;
standard;hrim:B40FCC13;snomed:429019009;"""Finding related to biological sex (finding)""@en";hriv:hasExactMeaning;Not;hrio:Sex;"""Sex""@en";;;
standard;hrim:1DC26B57;snomed:703118005;"""Feminine gender (finding)""@en";hriv:hasExactMeaning;Not;hrio:SelfIdentifiedGender;"""Self-identified Gender""@en";;;
standard;hrim:BDD2480A;snomed:703118005;"""Feminine gender (finding)""@en";hriv:hasExactMeaning;Not;hrio:SelfIdentifiedFemaleGender;"""Self-identified Female Gender""@en";;;
standard;hrim:D26B6294;snomed:703118005;"""Feminine gender (finding)""@en";hriv:hasExactMeaning;Not;hrio:FemaleGender;"""Female Gender""@en";;;
standard;hrim:D7CA8694;snomed:703118005;"""Feminine gender (finding)""@en";hriv:hasExactMeaning;Not;hrio:FeminineGenderExpression;"""Feminine Gender Expression""@en";;;
